[
    {
       "image":"http://img.dxcdn.com/productimages/sku_413458_1.jpg",
       "name":"Silicon Power Stream S03 1TB Portable External Hard Drive USB 3.0 (SP010TBPHDS03S3K)",
       "price":66.84,
       "discount":"5",
       "id":852413458
    },
    {
       "image":"http://img.dxcdn.com/productimages/sku_423225_1.jpg",
       "name":"2\" LCD 12MP 1080P Wi-Fi Waterproof Action Camera - Golden",
       "price":66.52,
       "discount":"7",
       "id":423225
    },
    {
       "image":"http://img.dxcdn.com/productimages/sku_424561_1.jpg",
       "name":"Elephone Q Android 4.4 Dual-core 3G Mini Phone w/ 2.45\" Screen, ROM 4GB, GPS - Black",
       "price":59.85,
       "discount":"8",
       "id":852424561
    },
    {
       "image":"http://img.dxcdn.com/productimages/sku_165800_1.jpg",
       "name":"Multi-Functional Breadboard Jumper Wire Kit",
       "price":22.4,
       "discount":"10",
       "id":165800
    },
    {
       "image":"http://img.dxcdn.com/productimages/sku_141149_1.jpg",
       "name":"High-Heeled Shoe Style PP Door Stop - Red",
       "price":4.89,
       "discount":"57",
       "id":141149
    },
    {
       "image":"http://img.dxcdn.com/productimages/sku_406567_1.jpg",
       "name":"Itian TCAU15E-050912 Premium Design Quick Charge 2.0 15W Wall Charger - Black",
       "price":12.51,
       "discount":"5",
       "id":406567
    },
    {
       "image":"http://img.dxcdn.com/productimages/sku_239545_1.jpg",
       "name":"Free Soldier FS-08 Mini Outdoor Multifunctional 1000D Nylon Waist Bag - Army Green",
       "price":11.16,
       "discount":"6",
       "id":239545
    },
    {
       "image":"http://img.dxcdn.com/productimages/sku_237293_1.jpg",
       "name":"YG-35 3.5mm Male to Male Audio Connection Flat Cable - Green + Black (104cm)",
       "price":1.46,
       "discount":"42",
       "id":237293
    },
    {
       "image":"http://img.dxcdn.com/productimages/sku_175463_1.jpg",
       "name":"DIY Soil Humidity Sensor - Black + Yellow",
       "price":3.85,
       "discount":"16",
       "id":175463
    },
    {
       "image":"http://img.dxcdn.com/productimages/sku_402913_1.jpg",
       "name":"Itian A11 Charging Dock Station Holder for Apple IPHONE / IWATCH / IPAD - White",
       "price":14.58,
       "discount":"6",
       "id":402913
    }
 ]